Date,Close,Open,High,Low,Volume,Change,range,target,ror,buy_signal,hpr,dd,money
2021-01-01,32312000,32023000,32414000,32023000,1360.0,0.0089,195500.0,,1.0,,1.0,0.0,1000000.0
2021-01-02,35705000,32314000,36184000,32314000,6980.0,0.105,1935000.0,32509500.0,1.095094344730002,31344580.0,1.095094344730002,0.0,1095094.3447300019
2021-01-03,37586000,35705000,37586000,35705000,5430.0,0.0527,940500.0,37640000.0,1.0,,1.095094344730002,0.0,1095094.3447300019
2021-01-04,36499000,37553000,38113000,36499000,2920.0,-0.028900000000000002,807000.0,38493500.0,1.0,,1.095094344730002,0.0,1095094.3447300019
2021-01-05,37962000,36475000,37962000,35190000,4170.0,0.0401,1386000.0,37282000.0,1.015039364840942,34134300.0,1.1115638681156486,0.0,1111563.8681156486
2021-01-06,40731000,37989000,40731000,37989000,4250.0,0.0729,1371000.0,39375000.0,1.031238095238095,36849330.0,1.1462870060910706,0.0,1146287.0060910706
2021-01-07,44575000,40760000,44575000,40760000,5590.0,0.0944,1907500.0,42131000.0,1.0548095416676555,39537200.0,1.2091144715145112,0.0,1209114.4715145112
2021-01-08,47241000,44592000,47241000,44592000,3880.0,0.059800000000000006,1324500.0,46499500.0,1.0127464080258926,43254240.0,1.2245263379184466,0.0,1224526.3379184466
2021-01-09,45614000,47231000,47231000,45614000,2450.0,-0.0344,808500.0,48555500.0,1.0,,1.2245263379184466,0.0,1224526.3379184466
2021-01-10,43447000,45603000,46620000,43447000,6300.0,-0.0475,1586500.0,46411500.0,0.9329257446968963,42143590.0,1.14239214570353,6.707425530310375,1142392.14570353
2021-01-11,40340000,43406000,43406000,35135000,9550.0,-0.07150000000000001,4135500.0,44992500.0,1.0,,1.14239214570353,6.707425530310375,1142392.14570353
2021-01-12,38541000,40362000,40362000,38541000,2870.0,-0.0446,910500.0,44497500.0,1.0,,1.14239214570353,6.707425530310375,1142392.14570353
2021-01-13,41403000,38541000,41403000,37330000,4080.0,0.07429999999999999,2036500.0,39451500.0,1.046265799779476,36210100.0,1.1952458319862955,2.391169958983856,1195245.8319862955
2021-01-14,42762000,41393000,42762000,41393000,3670.0,0.032799999999999996,684500.0,43429500.0,1.0,,1.1952458319862955,2.391169958983856,1195245.8319862955
2021-01-15,41045000,42742000,42742000,41045000,4010.0,-0.04019999999999999,848500.0,43426500.0,1.0,,1.1952458319862955,2.391169958983856,1195245.8319862955
2021-01-16,40083000,41011000,41011000,40083000,1540.0,-0.023399999999999997,464000.0,41859500.0,1.0,,1.1952458319862955,2.391169958983856,1195245.8319862955
2021-01-17,39552000,40065000,40065000,39552000,1390.0,-0.0132,256500.0,40529000.0,1.0,,1.1952458319862955,2.391169958983856,1195245.8319862955
2021-01-18,39994000,39562000,39994000,39109000,1160.0,0.011200000000000002,442500.0,39818500.0,1.0012074990268343,37935730.0,1.1966890901652467,2.273307391698896,1196689.0901652467
2021-01-19,39465000,39994000,40237000,39465000,1900.0,-0.0132,386000.0,40436500.0,1.0,,1.1966890901652467,2.273307391698896,1196689.0901652467
2021-01-20,39277000,39466000,39466000,38339000,2070.0,-0.0048,563500.0,39852000.0,1.0,,1.1966890901652467,2.273307391698896,1196689.0901652467
2021-01-21,34389000,39252000,39252000,34389000,5030.0,-0.1244,2431500.0,39815500.0,1.0,,1.1966890901652467,2.273307391698896,1196689.0901652467
2021-01-22,36365000,34401000,36365000,34401000,2120.0,0.0575,982000.0,36832500.0,1.0,,1.1966890901652467,2.273307391698896,1196689.0901652467
2021-01-23,35479000,36365000,36365000,35379000,960.0,-0.024399999999999998,493000.0,37347000.0,1.0,,1.1966890901652467,2.273307391698896,1196689.0901652467
2021-01-24,35521000,35495000,35521000,35495000,1770.0,0.0012,13000.0,35988000.0,1.0,,1.1966890901652467,2.273307391698896,1196689.0901652467
2021-01-25,36061000,35545000,36372000,35545000,2870.0,0.0152,413500.0,35558000.0,1.0109459024692051,34478650.0,1.2097879322321574,1.2036005457704353,1209787.9322321573
2021-01-26,35950000,36021000,36060000,35950000,1820.0,-0.0031,55000.0,36434500.0,1.0,,1.2097879322321574,1.2036005457704353,1209787.9322321573
2021-01-27,34315000,35950000,35950000,34315000,2750.0,-0.0455,817500.0,36005000.0,1.0,,1.2097879322321574,1.2036005457704353,1209787.9322321573
2021-01-28,36613000,34315000,36613000,34315000,2250.0,0.067,1149000.0,35132500.0,1.0389404682274246,33285550.0,1.2568976407691654,0.0,1256897.6407691655
2021-01-29,37509000,36635000,40308000,36635000,2920.0,0.0245,1836500.0,37784000.0,0.9895217869997883,35535950.0,1.2437275995697226,1.047821300021169,1243727.5995697225
2021-01-30,36961000,37470000,37470000,36662000,2000.0,-0.0146,404000.0,39306500.0,1.0,,1.2437275995697226,1.047821300021169,1243727.5995697225
2021-01-31,36355000,36972000,36972000,36355000,1780.0,-0.016399999999999998,308500.0,37376000.0,1.0,,1.2437275995697226,1.047821300021169,1243727.5995697225
2021-02-01,36517000,36353000,37028000,36353000,1430.0,0.0045000000000000005,337500.0,36661500.0,0.9928585355209143,35262410.0,1.234845563095737,1.754484769335206,1234845.5630957368
2021-02-02,37878000,36527000,37878000,36527000,1840.0,0.0373,675500.0,36864500.0,1.024292574156709,35431190.0,1.2648431405093232,0.0,1264843.1405093232
2021-02-03,39353000,37902000,39353000,37902000,1700.0,0.038900000000000004,725500.0,38577500.0,1.0169023912902597,36764940.0,1.2862220141910128,0.0,1286222.0141910128
2021-02-04,39820000,39353000,39820000,39353000,1570.0,0.011899999999999999,233500.0,40078500.0,1.0,,1.2862220141910128,0.0,1286222.0141910128
2021-02-05,40482000,39808000,40482000,39808000,1170.0,0.0166,337000.0,40041500.0,1.0078010863728881,38613760.0,1.296255943218427,0.0,1296255.943218427
2021-02-06,41737000,40458000,43032000,40458000,2380.0,0.031,1287000.0,40795000.0,1.019891065081505,39244260.0,1.3220398545472725,0.0,1322039.8545472724
2021-02-07,42091000,41713000,42091000,41265000,1520.0,0.0085,413000.0,43000000.0,1.0,,1.3220398545472725,0.0,1322039.8545472724
2021-02-08,49150000,42098000,49150000,42098000,4720.0,0.1677,3526000.0,42511000.0,1.1529713438874643,40835060.0,1.5242740677701565,0.0,1524274.0677701565
2021-02-09,48649000,49158000,49748000,48649000,1670.0,-0.0102,549500.0,52684000.0,1.0,,1.5242740677701565,0.0,1524274.0677701565
2021-02-10,48580000,48645000,48645000,47970000,1810.0,-0.0014000000000000002,337500.0,49194500.0,1.0,,1.5242740677701565,0.0,1524274.0677701565
2021-02-11,51504000,48579000,51504000,48579000,2009.9999999999998,0.0602,1462500.0,48916500.0,1.0496962619974854,47121630.0,1.600024791198035,0.0,1600024.791198035
2021-02-12,50835000,51482000,51482000,50835000,1060.0,-0.013000000000000001,323500.0,52944500.0,1.0,,1.600024791198035,0.0,1600024.791198035
2021-02-13,50571000,50879000,51210000,50571000,1110.0,-0.0052,319500.0,51202500.0,0.9844666178409257,49053870.0,1.5751709946523629,1.5533382159074276,1575170.9946523628
2021-02-14,52636000,50611000,52636000,50611000,1000.0,0.0408,1012500.0,50930500.0,1.030286810457388,49092670.0,1.6228779000053741,0.0,1622877.900005374
2021-02-15,52498000,52631000,52631000,51795000,1040.0,-0.0026,418000.0,53643500.0,1.0,,1.6228779000053741,0.0,1622877.900005374
2021-02-16,54780000,52490000,54780000,52490000,1210.0,0.0435,1145000.0,52908000.0,1.0321821728283056,50915300.0,1.6751056370625848,0.0,1675105.6370625847
2021-02-17,57513000,54748000,57513000,54748000,1430.0,0.0499,1382500.0,55893000.0,1.0257839514787181,53105560.0,1.7182964795303337,0.0,1718296.4795303338
2021-02-18,57811000,57543000,57811000,57399000,750.0,0.0052,206000.0,58925500.0,1.0,,1.7182964795303337,0.0,1718296.4795303338
2021-02-19,63502000,57774000,63502000,57774000,2530.0,0.0984,2864000.0,57980000.0,1.0920397378406346,56040780.0,1.876448037038791,0.0,1876448.037038791
2021-02-20,64200000,63505000,64996000,63505000,2330.0,0.011000000000000001,745500.0,66369000.0,1.0,,1.876448037038791,0.0,1876448.037038791
2021-02-21,65418000,64218000,65418000,64218000,1040.0,0.019,600000.0,64963500.0,1.003796236348103,62291460.0,1.8835714772823242,0.0,1883571.477282324
2021-02-22,61723000,65418000,65418000,61723000,2880.0,-0.0565,1847500.0,66018000.0,1.0,,1.8835714772823242,0.0,1883571.477282324
2021-02-23,55088000,61712000,61712000,54161000,3230.0,-0.1075,3775500.0,63559500.0,1.0,,1.8835714772823242,0.0,1883571.477282324
2021-02-24,56500000,55099000,56595000,55099000,1590.0,0.0256,748000.0,58874500.0,1.0,,1.8835714772823242,0.0,1883571.477282324
2021-02-25,53964000,56502000,56502000,53964000,4070.0000000000005,-0.0449,1269000.0,57250000.0,1.0,,1.8835714772823242,0.0,1883571.477282324
2021-02-26,53588000,53958000,53958000,53364000,6490.0,-0.006999999999999999,297000.0,55227000.0,1.0,,1.8835714772823242,0.0,1883571.477282324
2021-02-27,53409000,53591000,53591000,53409000,7760.0,-0.0033,91000.0,53888000.0,1.0,,1.8835714772823242,0.0,1883571.477282324
2021-02-28,51790000,53396000,53396000,51790000,4490.0,-0.030299999999999997,803000.0,53487000.0,1.0,,1.8835714772823242,0.0,1883571.477282324
2021-03-01,56355000,51795000,56355000,51795000,3220.0,0.08810000000000001,2280000.0,52598000.0,1.0682285714285713,50241150.0,2.0120848683609007,0.0,2012084.8683609008
2021-03-02,55963000,56376000,56376000,55776000,5890.0,-0.006999999999999999,300000.0,58656000.0,1.0,,2.0120848683609007,0.0,2012084.8683609008
2021-03-03,57841000,55927000,57841000,55927000,1540.0,0.0336,957000.0,56227000.0,1.0255050705177227,54249190.0,2.063403234816088,0.0,2063403.234816088
2021-03-04,56351000,57782000,57782000,55914000,1920.0,-0.0258,934000.0,58739000.0,1.0,,2.063403234816088,0.0,2063403.234816088
2021-03-05,56506000,56325000,56506000,56325000,6090.0,0.0028000000000000004,90500.0,57259000.0,1.0,,2.063403234816088,0.0,2063403.234816088
2021-03-06,56086000,56533000,56533000,56086000,4160.0,-0.0074,223500.0,56623500.0,1.0,,2.063403234816088,0.0,2063403.234816088
2021-03-07,58016000,56073000,58016000,56073000,1150.0,0.0344,971500.0,56296500.0,1.0273436394802518,54390810.0,2.1198241889712843,0.0,2119824.1889712843
2021-03-08,59777000,58016000,59777000,58016000,4550.0,0.0304,880500.0,58987500.0,1.0101841915660097,56275520.0,2.141412884598029,0.0,2141412.884598029
2021-03-09,62916000,59796000,62916000,59579000,1320.0,0.0525,1668500.0,60676500.0,1.0337088526859657,57791630.0,2.2135974560647727,0.0,2213597.456064773
2021-03-10,64151000,62950000,64237000,62950000,2100.0,0.0196,643500.0,64618500.0,1.0,,2.2135974560647727,0.0,2213597.456064773
2021-03-11,66103000,64206000,66103000,64206000,1740.0,0.0304,948500.0,64849500.0,1.016129370311259,62279820.0,2.249301389153702,0.0,2249301.389153702
2021-03-12,66465000,66103000,66684000,66103000,1240.0,0.0055000000000000005,290500.0,67051500.0,1.0,,2.249301389153702,0.0,2249301.389153702
2021-03-13,70604000,66447000,70604000,66447000,1550.0,0.0623,2078500.0,66737500.0,1.0547359430604981,64453590.0,2.3724190219163184,0.0,2372419.021916318
2021-03-14,68550000,70588000,70815000,68550000,780.0,-0.0291,1132500.0,72666500.0,1.0,,2.3724190219163184,0.0,2372419.021916318
2021-03-15,64429000,68567000,68567000,63839000,1310.0,-0.0601,2364000.0,69699500.0,1.0,,2.3724190219163184,0.0,2372419.021916318
2021-03-16,65997000,64432000,65997000,63078000,980.0,0.024300000000000002,1459500.0,66796000.0,1.0,,2.3724190219163184,0.0,2372419.021916318
2021-03-17,68346000,65998000,68346000,63726000,2170.0,0.0356,2310000.0,67457500.0,1.0099712559759848,61814220.0,2.3960750192661413,0.0,2396075.019266141
2021-03-18,66900000,68342000,68342000,66900000,1630.0,-0.0212,721000.0,70652000.0,1.0,,2.3960750192661413,0.0,2396075.019266141
2021-03-19,67726000,66905000,67726000,66905000,850.0,0.0123,410500.0,67626000.0,0.9982787212019045,64897850.0,2.391950706136832,0.17212787980955374,2391950.706136832
2021-03-20,67473000,67729000,68476000,67473000,1150.0,-0.0037,501500.0,68139500.0,0.987018595675049,65448810.0,2.360899826895118,1.4680338507012431,2360899.826895118
2021-03-21,67097000,67470000,67470000,67097000,800.0,-0.005600000000000001,186500.0,67971500.0,1.0,,2.360899826895118,1.4680338507012431,2360899.826895118
2021-03-22,64453000,67103000,67306000,64453000,1740.0,-0.0394,1426500.0,67289500.0,0.954646320748408,62519410.0,2.2538243334009778,5.93682103946526,2253824.333400978
2021-03-23,65314000,64452000,65654000,64452000,1090.0,0.0134,601000.0,65878500.0,1.0,,2.2538243334009778,5.93682103946526,2253824.333400978
2021-03-24,64700000,65347000,66358000,64700000,1720.0,-0.009399999999999999,829000.0,65948000.0,0.9778759992721539,62759000.0,2.203960722208377,8.017874879251659,2203960.722208377
2021-03-25,63066000,64700000,64700000,63066000,1110.0,-0.0253,817000.0,65529000.0,1.0,,2.203960722208377,8.017874879251659,2203960.722208377
2021-03-26,65601000,63146000,65601000,63146000,790.0,0.04019999999999999,1227500.0,63963000.0,1.022408554945828,61251620.0,2.25334829715043,5.956688374449354,2253348.29715043
2021-03-27,66510000,65601000,66510000,65601000,920.0,0.0139,454500.0,66828500.0,1.0,,2.25334829715043,5.956688374449354,2253348.29715043
2021-03-28,67035000,66428000,67035000,66428000,680.0,0.0079,303500.0,66882500.0,0.9990801181175942,64435160.0,2.2512754828771313,6.0431971129751405,2251275.482877131
2021-03-29,68391000,67025000,68391000,66877000,1080.0,0.0202,757000.0,67328500.0,1.0125808357530615,64870690.0,2.2795984099621025,4.861142007970716,2279598.4099621023
2021-03-30,70470000,68407000,70470000,68407000,650.0,0.0304,1031500.0,69164000.0,1.0156826557168468,66354790.0,2.3153485669982095,3.3691120527877447,2315348.5669982093
2021-03-31,70974000,70455000,70974000,70455000,1150.0,0.0072,259500.0,71486500.0,1.0,,2.3153485669982095,3.3691120527877447,2315348.5669982093
2021-04-01,72314000,71001000,72402000,71001000,1140.0,0.0189,700500.0,71260500.0,1.011583786249044,68870970.0,2.342169069890347,2.2497605017519176,2342169.069890347
2021-04-02,73697000,72292000,73697000,72292000,860.0,0.0191,702500.0,72992500.0,1.0064516765421103,70123240.0,2.357279987136215,1.619107574595396,2357279.987136215
2021-04-03,72076000,73697000,74672000,72076000,1770.0,-0.022000000000000002,1298000.0,74399500.0,0.9655699514109638,69913720.0,2.2761187226411526,5.006366481034822,2276118.7226411523
2021-04-04,73924000,72076000,74121000,72076000,810.0,0.0256,1022500.0,73374000.0,1.0042958432142175,69913720.0,2.285896571810564,4.598288725088512,2285896.571810564
2021-04-05,78300000,73924000,78300000,73924000,1710.0,0.0592,2188000.0,74946500.0,1.041545251612817,71706280.0,2.3808647200473096,0.6348006258789926,2380864.7200473095
2021-04-06,77792000,78300000,78300000,77792000,1340.0,-0.006500000000000001,254000.0,80488000.0,1.0,,2.3808647200473096,0.6348006258789926,2380864.7200473095
2021-04-07,72914000,77793000,78550000,72914000,1290.0,-0.06269999999999999,2818000.0,78047000.0,0.9310319371660666,70726580.0,2.2166610924359915,7.4878259398196905,2216661.0924359914
2021-04-08,75183000,72980000,75183000,72391000,970.0,0.0311,1396000.0,75798000.0,1.0,,2.2166610924359915,7.4878259398196905,2216661.0924359914
2021-04-09,75642000,75132000,75642000,75132000,700.0,0.0060999999999999995,255000.0,76528000.0,1.0,,2.2166610924359915,7.4878259398196905,2216661.0924359914
2021-04-10,78303000,75655000,78303000,75655000,1100.0,0.0352,1324000.0,75910000.0,1.0283241733631932,73385350.0,2.2794461855055936,4.867495083533244,2279446.1855055937
2021-04-11,78534000,78310000,78757000,78310000,560.0,0.003,223500.0,79634000.0,1.0,,2.2794461855055936,4.867495083533244,2279446.1855055937
2021-04-12,77974000,78500000,78500000,77949000,630.0,-0.0070999999999999995,275500.0,78723500.0,1.0,,2.2794461855055936,4.867495083533244,2279446.1855055937
2021-04-13,80661000,78009000,80661000,78009000,1390.0,0.0345,1326000.0,78284500.0,1.0271572226941474,75668730.0,2.341349613184694,2.2839604620646865,2341349.6131846937
2021-04-14,80171000,80663000,80663000,80146000,1160.0,-0.0060999999999999995,258500.0,81989000.0,1.0,,2.341349613184694,2.2839604620646865,2341349.6131846937
2021-04-15,79425000,80171000,80171000,79425000,930.0,-0.009300000000000001,373000.0,80429500.0,1.0,,2.341349613184694,2.2839604620646865,2341349.6131846937
2021-04-16,79213000,79425000,79524000,79110000,1160.0,-0.0027,207000.0,79798000.0,1.0,,2.341349613184694,2.2839604620646865,2341349.6131846937
2021-04-17,77959000,79250000,79250000,77646000,1050.0,-0.0158,802000.0,79457000.0,1.0,,2.341349613184694,2.2839604620646865,2341349.6131846937
2021-04-18,75783000,77956000,77956000,72986000,1630.0,-0.0279,2485000.0,78758000.0,1.0,,2.341349613184694,2.2839604620646865,2341349.6131846937
2021-04-19,71001000,75810000,75810000,71001000,1850.0,-0.06309999999999999,2404500.0,78295000.0,1.0,,2.341349613184694,2.2839604620646865,2341349.6131846937
2021-04-20,70289000,71001000,71001000,69713000,1280.0,-0.01,644000.0,73405500.0,1.0,,2.341349613184694,2.2839604620646865,2341349.6131846937
2021-04-21,67805000,70299000,70299000,67805000,1240.0,-0.0353,1247000.0,70943000.0,1.0,,2.341349613184694,2.2839604620646865,2341349.6131846937
2021-04-22,59500000,67884000,67884000,59500000,3460.0,-0.1225,4192000.0,69131000.0,1.0,,2.341349613184694,2.2839604620646865,2341349.6131846937
2021-04-23,61380000,59500000,61380000,57124000,2280.0,0.0316,2128000.0,63692000.0,1.0,,2.341349613184694,2.2839604620646865,2341349.6131846937
2021-04-24,60813000,61355000,61355000,60398000,1270.0,-0.0092,478500.0,63483000.0,1.0,,2.341349613184694,2.2839604620646865,2341349.6131846937
2021-04-25,59696000,60814000,60923000,59696000,1810.0,-0.0184,613500.0,61292500.0,1.0,,2.341349613184694,2.2839604620646865,2341349.6131846937
2021-04-26,64196000,59700000,64196000,59700000,1480.0,0.0754,2248000.0,60313500.0,1.0611719896872176,57909000.0,2.484574627576599,0.0,2484574.627576599
2021-04-27,64738000,64199000,64738000,64146000,880.0,0.0084,296000.0,66447000.0,1.0,,2.484574627576599,0.0,2484574.627576599
2021-04-28,64116000,64767000,64767000,64064000,910.0,-0.0096,351500.0,65063000.0,1.0,,2.484574627576599,0.0,2484574.627576599
2021-04-29,63710000,64100000,64100000,63710000,920.0,-0.0063,195000.0,64451500.0,1.0,,2.484574627576599,0.0,2484574.627576599
2021-04-30,68075000,63712000,68075000,63712000,1180.0,0.06849999999999999,2181500.0,63907000.0,1.0620197724818876,61800640.0,2.63866738069317,0.0,2638667.3806931702
2021-05-01,68898000,68054000,68898000,68054000,670.0,0.0121,422000.0,70235500.0,1.0,,2.63866738069317,0.0,2638667.3806931702
2021-05-02,68340000,68894000,68894000,68340000,570.0,-0.008100000000000001,277000.0,69316000.0,1.0,,2.63866738069317,0.0,2638667.3806931702
2021-05-03,69876000,68334000,69876000,68334000,1120.0,0.0225,771000.0,68611000.0,1.0152372768215008,66283980.0,2.6788734860126566,0.0,2678873.4860126567
2021-05-04,66679000,69876000,70106000,66679000,1180.0,-0.0458,1713500.0,70647000.0,1.0,,2.6788734860126566,0.0,2678873.4860126567
2021-05-05,68620000,66499000,68620000,66499000,1610.0,0.0291,1060500.0,68212500.0,1.0027739783763971,64504030.0,2.6863046231359595,0.0,2686304.6231359597
2021-05-06,68398000,68629000,69394000,68398000,2200.0,-0.0032,498000.0,69689500.0,1.0,,2.6863046231359595,0.0,2686304.6231359597
2021-05-07,68647000,68398000,69122000,68398000,2000.0,0.0036,362000.0,68896000.0,0.9931858569437994,66346060.0,2.6679997591413778,0.6814143056200707,2667999.7591413776
2021-05-08,71709000,68669000,71709000,68669000,1790.0,0.0446,1520000.0,69031000.0,1.035594164940389,66608930.0,2.7629649826291742,0.0,2762964.9826291744
2021-05-09,71285000,71704000,71704000,71280000,910.0,-0.0059,212000.0,73224000.0,1.0,,2.7629649826291742,0.0,2762964.9826291744
2021-05-10,70731000,71299000,71850000,70731000,1900.0,-0.0078000000000000005,559500.0,71511000.0,0.9858925871544238,68609070.0,2.7239866949413543,1.4107412845576177,2723986.6949413544
2021-05-11,69550000,70728000,70728000,67843000,1130.0,-0.0167,1442500.0,71287500.0,1.0,,2.7239866949413543,1.4107412845576177,2723986.6949413544
2021-05-12,61088000,69552000,69552000,61088000,3550.0,-0.1217,4232000.0,70994500.0,1.0,,2.7239866949413543,1.4107412845576177,2723986.6949413544
2021-05-13,62879000,61103000,62879000,61103000,1580.0,0.029300000000000003,888000.0,65335000.0,1.0,,2.7239866949413543,1.4107412845576177,2723986.6949413544
2021-05-14,61526000,62879000,62879000,61526000,1130.0,-0.0215,676500.0,63767000.0,1.0,,2.7239866949413543,1.4107412845576177,2723986.6949413544
2021-05-15,58217000,61568000,61568000,58217000,1570.0,-0.0538,1675500.0,62244500.0,1.0,,2.7239866949413543,1.4107412845576177,2723986.6949413544
2021-05-16,57538000,58248000,59833000,57538000,2480.0,-0.011699999999999999,1147500.0,59923500.0,1.0,,2.7239866949413543,1.4107412845576177,2723986.6949413544
2021-05-17,54050000,57483000,57483000,54050000,1830.0,-0.060599999999999994,1716500.0,58630500.0,1.0,,2.7239866949413543,1.4107412845576177,2723986.6949413544
2021-05-18,53153000,54062000,54062000,53153000,1650.0,-0.0166,454500.0,55778500.0,1.0,,2.7239866949413543,1.4107412845576177,2723986.6949413544
2021-05-19,50282000,53150000,53150000,50282000,3830.0,-0.054000000000000006,1434000.0,53604500.0,1.0,,2.7239866949413543,1.4107412845576177,2723986.6949413544
2021-05-20,51450000,50282000,51450000,49290000,950.0,0.0232,1080000.0,51716000.0,1.0,,2.7239866949413543,1.4107412845576177,2723986.6949413544
2021-05-21,48930000,51214000,51214000,48930000,3160.0,-0.049,1142000.0,52294000.0,1.0,,2.7239866949413543,1.4107412845576177,2723986.6949413544
2021-05-22,47273000,48934000,48934000,46258000,1200.0,-0.0339,1338000.0,50076000.0,1.0,,2.7239866949413543,1.4107412845576177,2723986.6949413544
2021-05-23,42471000,47312000,47312000,42471000,3570.0,-0.1016,2420500.0,48650000.0,1.0,,2.7239866949413543,1.4107412845576177,2723986.6949413544
2021-05-24,47100000,42499000,47100000,42499000,2170.0,0.109,2300500.0,44919500.0,1.0453423925021426,41224030.0,2.847498768833999,0.0,2847498.768833999
2021-05-25,46984000,47233000,47233000,46902000,1450.0,-0.0025,165500.0,49533500.0,1.0,,2.847498768833999,0.0,2847498.768833999
2021-05-26,47285000,47013000,48620000,47013000,1130.0,0.0064,803500.0,47178500.0,0.9990573841898321,45602610.0,2.8448146714750626,0.09426158101678365,2844814.6714750626
2021-05-27,46514000,47285000,47311000,46514000,1130.0,-0.0163,398500.0,48088500.0,1.0,,2.8448146714750626,0.09426158101678365,2844814.6714750626
2021-05-28,43641000,46483000,46483000,43641000,1780.0,-0.061799999999999994,1421000.0,46881500.0,1.0,,2.8448146714750626,0.09426158101678365,2844814.6714750626
2021-05-29,42660000,43630000,43630000,42124000,1530.0,-0.0225,753000.0,45051000.0,1.0,,2.8448146714750626,0.09426158101678365,2844814.6714750626
2021-05-30,43145000,42669000,43418000,42669000,910.0,0.011399999999999999,374500.0,43422000.0,1.0,,2.8448146714750626,0.09426158101678365,2844814.6714750626
2021-05-31,43675000,43143000,43675000,41933000,1040.0,0.0123,871000.0,43517500.0,1.0004192336416384,40675010.0,2.8460073134895714,0.052377734478823074,2846007.313489571
2021-06-01,43208000,43659000,43659000,43208000,1030.0,-0.010700000000000001,225500.0,44530000.0,1.0,,2.8460073134895714,0.052377734478823074,2846007.313489571
2021-06-02,43720000,43208000,43720000,43198000,900.0,0.0118,261000.0,43433500.0,1.0033962908814624,41902060.0,2.855673182176951,0.0,2855673.1821769513
2021-06-03,45440000,43720000,45440000,43720000,860.0,0.0393,860000.0,43981000.0,1.0299734157931832,42408400.0,2.9412674618357837,0.0,2941267.461835784
2021-06-04,42973000,45487000,45487000,42973000,680.0,-0.054299999999999994,1257000.0,46347000.0,1.0,,2.9412674618357837,0.0,2941267.461835784
2021-06-05,41982000,42945000,42945000,41782000,1030.0,-0.0231,581500.0,44202000.0,1.0,,2.9412674618357837,0.0,2941267.461835784
2021-06-06,41780000,41982000,41982000,41780000,580.0,-0.0048,101000.0,42563500.0,1.0,,2.9412674618357837,0.0,2941267.461835784
2021-06-07,38953000,41773000,41773000,38953000,2700.0,-0.0677,1410000.0,41874000.0,1.0,,2.9412674618357837,0.0,2941267.461835784
2021-06-08,38531000,38953000,38953000,38531000,1240.0,-0.0108,211000.0,40363000.0,1.0,,2.9412674618357837,0.0,2941267.461835784
2021-06-09,43259000,38531000,43259000,38531000,2660.0,0.12269999999999999,2364000.0,38742000.0,1.1133918125032263,37375070.0,3.274783110390107,0.0,3274783.110390107
2021-06-10,42761000,43232000,43232000,42477000,1570.0,-0.0115,377500.0,45596000.0,1.0,,3.274783110390107,0.0,3274783.110390107
2021-06-11,43574000,42785000,43574000,42785000,1090.0,0.019,394500.0,43162500.0,1.0063337387778741,41501450.0,3.295524731165512,0.0,3295524.731165512
2021-06-12,41361000,43596000,43596000,41361000,480.0,-0.0508,1117500.0,43990500.0,1.0,,3.295524731165512,0.0,3295524.731165512
2021-06-13,44800000,41384000,44800000,41111000,2009.9999999999998,0.08310000000000001,1844500.0,42501500.0,1.0508804442196158,39877670.0,3.4632024934239434,0.0,3463202.4934239434
2021-06-14,46563000,44791000,46563000,44791000,1290.0,0.0394,886000.0,46635500.0,1.0,,3.4632024934239434,0.0,3463202.4934239434
2021-06-15,46373000,46548000,46548000,46150000,1150.0,-0.0040999999999999995,199000.0,47434000.0,1.0,,3.4632024934239434,0.0,3463202.4934239434
2021-06-16,45234000,46375000,46375000,45151000,2050.0,-0.0246,612000.0,46574000.0,1.0,,3.4632024934239434,0.0,3463202.4934239434
2021-06-17,44769000,45234000,45800000,44769000,1070.0,-0.0103,515500.0,45846000.0,1.0,,3.4632024934239434,0.0,3463202.4934239434
2021-06-18,42523000,44769000,44769000,42523000,1710.0,-0.050199999999999995,1123000.0,45284500.0,1.0,,3.4632024934239434,0.0,3463202.4934239434
2021-06-19,42039000,42560000,42560000,41965000,590.0,-0.011399999999999999,297500.0,43683000.0,1.0,,3.4632024934239434,0.0,3463202.4934239434
2021-06-20,41856000,42039000,42039000,41856000,880.0,-0.0044,91500.0,42336500.0,1.0,,3.4632024934239434,0.0,3463202.4934239434
2021-06-21,37264000,41856000,41856000,37264000,2060.0,-0.1097,2296000.0,41947500.0,1.0,,3.4632024934239434,0.0,3463202.4934239434
2021-06-22,37826000,37260000,37826000,36670000,3470.0,0.0151,578000.0,39556000.0,1.0,,3.4632024934239434,0.0,3463202.4934239434
2021-06-23,39079000,37826000,39916000,37826000,1500.0,0.0331,1045000.0,38404000.0,1.0143762941360275,36691220.0,3.51299051112203,0.0,3512990.5111220297
2021-06-24,40177000,39079000,40177000,39079000,1420.0,0.0281,549000.0,40124000.0,0.998120905193899,37906630.0,3.5063892688986984,0.18790948061009907,3506389.2688986985
2021-06-25,37101000,40177000,40177000,37101000,1810.0,-0.0766,1538000.0,40726000.0,1.0,,3.5063892688986984,0.18790948061009907,3506389.2688986985
2021-06-26,37689000,37122000,37689000,36993000,930.0,0.0158,348000.0,38660000.0,1.0,,3.5063892688986984,0.18790948061009907,3506389.2688986985
2021-06-27,39976000,37690000,39976000,37690000,1140.0,0.060700000000000004,1143000.0,38038000.0,1.0477490509490508,36559300.0,3.6738160287465473,0.0,3673816.028746547
2021-06-28,39997000,39994000,39997000,39541000,880.0,0.0005,228000.0,41137000.0,1.0,,3.6738160287465473,0.0,3673816.028746547
2021-06-29,41482000,39997000,41980000,39997000,920.0,0.0371,991500.0,40225000.0,1.0280492231199503,38797090.0,3.776863714238509,0.0,3776863.714238509
2021-06-30,40685000,41535000,41535000,40610000,1020.0,-0.0192,462500.0,42526500.0,1.0,,3.776863714238509,0.0,3776863.714238509
2021-07-01,39335000,40705000,40705000,38941000,730.0,-0.0332,882000.0,41167500.0,1.0,,3.776863714238509,0.0,3776863.714238509
2021-07-02,39417000,39335000,39417000,39335000,520.0,0.0021,41000.0,40217000.0,1.0,,3.776863714238509,0.0,3776863.714238509
2021-07-03,40335000,39413000,40335000,39196000,190.0,0.0233,569500.0,39454000.0,1.0191298017944947,38020120.0,3.8491143684967106,0.0,3849114.3684967104
2021-07-04,40914000,41183000,41207000,40914000,550.0,0.0144,146500.0,41752500.0,1.0,,3.8491143684967106,0.0,3849114.3684967104
2021-07-05,39484000,40914000,40914000,39484000,700.0,-0.035,715000.0,41060500.0,1.0,,3.8491143684967106,0.0,3849114.3684967104
2021-07-06,39814000,39462000,40100000,39462000,40.0,0.0084,319000.0,40177000.0,1.0,,3.8491143684967106,0.0,3849114.3684967104
2021-07-07,39692000,39849000,40680000,39611000,680.0,-0.0031,534500.0,40168000.0,0.9849497709619598,38422670.0,3.791184315657224,1.5050229038040164,3791184.3156572236
2021-07-08,39022000,39699000,39793000,38142000,570.0,-0.0169,825500.0,40233500.0,1.0,,3.791184315657224,1.5050229038040164,3791184.3156572236
2021-07-09,39825000,38968000,40050000,38161000,430.0,0.0206,944500.0,39793500.0,0.9975915865656452,37016170.0,3.7820535764192798,1.7422395298589628,3782053.57641928
2021-07-10,39618000,39825000,40255000,39183000,400.0,-0.0052,536000.0,40769500.0,1.0,,3.7820535764192798,1.7422395298589628,3782053.57641928
2021-07-11,40146000,39618000,40550000,39270000,400.0,0.013300000000000001,640000.0,40154000.0,0.9966007670468696,38091900.0,3.769197495271811,2.0762405471498555,3769197.495271811
2021-07-12,39137000,40164000,40546000,38701000,650.0,-0.025099999999999997,922500.0,40804000.0,1.0,,3.769197495271811,2.0762405471498555,3769197.495271811
2021-07-13,38753000,39137000,39288000,38201000,520.0,-0.0098,543500.0,40059500.0,1.0,,3.769197495271811,2.0762405471498555,3769197.495271811
2021-07-14,38602000,38753000,38982000,37475000,380.0,-0.0039000000000000003,753500.0,39296500.0,1.0,,3.769197495271811,2.0762405471498555,3769197.495271811
2021-07-15,37576000,38585000,39052000,37000000,560.0,-0.026600000000000002,1026000.0,39338500.0,1.0,,3.769197495271811,2.0762405471498555,3769197.495271811
2021-07-16,37101000,37576000,38030000,36689000,470.0,-0.0126,670500.0,38602000.0,1.0,,3.769197495271811,2.0762405471498555,3769197.495271811
2021-07-17,37221000,37101000,37629000,36813000,440.0,0.0032,408000.0,37771500.0,1.0,,3.769197495271811,2.0762405471498555,3769197.495271811
2021-07-18,37620000,37200000,38150000,36969000,340.0,0.010700000000000001,590500.0,37608000.0,0.9971190810465859,35859930.0,3.758338742768521,2.3583509617471403,3758338.742768521
2021-07-19,36711000,37620000,37690000,36398000,510.0,-0.0242,646000.0,38210500.0,1.0,,3.758338742768521,2.3583509617471403,3758338.742768521
2021-07-20,35256000,36711000,36870000,34782000,500.0,-0.039599999999999996,1044000.0,37357000.0,1.0,,3.758338742768521,2.3583509617471403,3758338.742768521
2021-07-21,38010000,35256000,38446000,34917000,1160.0,0.0781,1764500.0,36300000.0,1.0439074380165287,33869490.0,3.9233577681617486,0.0,3923357.7681617485
2021-07-22,37910000,38013000,38382000,37445000,400.0,-0.0026,468500.0,39777500.0,1.0,,3.9233577681617486,0.0,3923357.7681617485
2021-07-23,39135000,37910000,39149000,37750000,770.0,0.0323,699500.0,38378500.0,1.0165115572521073,36617500.0,3.988138514571251,0.0,3988138.5145712513
2021-07-24,39569000,39150000,39814000,38976000,1870.0,0.0111,419000.0,39849500.0,1.0,,3.988138514571251,0.0,3988138.5145712513
2021-07-25,41078000,40486000,41123000,39631000,500.0,0.0381,746000.0,40905000.0,1.0010293118200708,38442070.0,3.992243552684379,0.0,3992243.552684379
2021-07-26,43066000,41090000,46865000,40915000,2610.0,0.0484,2975000.0,41836000.0,1.0262005163017496,39687550.0,4.096842394967041,0.0,4096842.394967041
2021-07-27,45616000,43075000,45616000,42020000,820.0,0.0592,1798000.0,46050000.0,1.0,,4.096842394967041,0.0,4096842.394967041
2021-07-28,46334000,45616000,47400000,45020000,800.0,0.015700000000000002,1190000.0,47414000.0,1.0,,4.096842394967041,0.0,4096842.394967041
2021-07-29,45980000,46335000,46900000,45486000,530.0,-0.0076,707000.0,47525000.0,1.0,,4.096842394967041,0.0,4096842.394967041
2021-07-30,48516000,45980000,48640000,44350000,1190.0,0.0552,2145000.0,46687000.0,1.0359757876925053,43019500.0,4.24422952717803,0.0,4244229.5271780295
2021-07-31,48005000,48516000,48734000,47606000,420.0,-0.0105,564000.0,50661000.0,1.0,,4.24422952717803,0.0,4244229.5271780295
2021-08-01,46240000,47959000,49372000,46035000,940.0,-0.0368,1668500.0,48523000.0,0.9497501473528018,44653950.0,4.030957618836446,5.024985264719826,4030957.618836446
2021-08-02,45403000,46240000,46802000,45043000,600.0,-0.0181,879500.0,47908500.0,1.0,,4.030957618836446,5.024985264719826,4030957.618836446
2021-08-03,44859000,45403000,46158000,44326000,610.0,-0.012,916000.0,46282500.0,1.0,,4.030957618836446,5.024985264719826,4030957.618836446
2021-08-04,45777000,44859000,46005000,43903000,690.0,0.020499999999999997,1051000.0,45775000.0,0.9968436919716003,42585910.0,4.018234674941973,5.324755666226182,4018234.674941973
2021-08-05,47132000,45772000,47700000,43739000,1460.0,0.0296,1980500.0,46823000.0,1.0033993208465923,42426830.0,4.031893943839004,5.002924134506161,4031893.943839004
2021-08-06,49332000,47112000,49891000,46150000,1540.0,0.0467,1870500.0,49092500.0,1.0016785456026887,44765500.0,4.038661661688941,4.843467210543862,4038661.661688941
2021-08-07,51003000,49366000,51158000,49030000,1020.0,0.0339,1064000.0,51236500.0,1.0,,4.038661661688941,4.843467210543862,4038661.661688941
2021-08-08,50757000,51015000,51733000,50163000,780.0,-0.0048,785000.0,52079000.0,1.0,,4.038661661688941,4.843467210543862,4038661.661688941
2021-08-09,53011000,50820000,53204000,49459000,1030.0,0.0444,1872500.0,51605000.0,1.0240454219552368,47975230.0,4.13577298547869,2.5553882278240554,4135772.98547869
2021-08-10,52331000,53011000,53390000,51806000,750.0,-0.0128,792000.0,54883500.0,1.0,,4.13577298547869,2.5553882278240554,4135772.98547869
2021-08-11,52561000,52322000,53483000,52201000,920.0,0.0044,641000.0,53114000.0,0.9863884324283616,50634970.0,4.07947863202589,3.8817621454530964,4079478.63202589
2021-08-12,52058000,52546000,53358000,51393000,650.0,-0.0096,982500.0,53187000.0,0.9755730084419125,49851210.0,3.9798292419199957,6.229641530104355,3979829.2419199958
2021-08-13,55299000,52058000,55419000,51834000,1100.0,0.0623,1792500.0,53040500.0,1.0393806694884098,50278980.0,4.136557581916356,2.5369020353916802,4136557.581916356
2021-08-14,54870000,55299000,55678000,53517000,680.0,-0.0078000000000000005,1080500.0,57091500.0,1.0,,4.136557581916356,2.5369020353916802,4136557.581916356
2021-08-15,54637000,54869000,55179000,53245000,660.0,-0.0042,967000.0,55949500.0,1.0,,4.136557581916356,2.5369020353916802,4136557.581916356
2021-08-16,53835000,54637000,55660000,53700000,920.0,-0.0147,980000.0,55604000.0,0.9649857420329473,52089000.0,3.9917190876475686,5.94950008979261,3991719.0876475684
2021-08-17,52536000,53835000,54641000,52364000,1290.0,-0.0241,1138500.0,54815000.0,1.0,,3.9917190876475686,5.94950008979261,3991719.0876475684
2021-08-18,52705000,52553000,53700000,51802000,770.0,0.0032,949000.0,53691500.0,0.9784265144389708,50247940.0,3.905603793546519,7.9784971916130525,3905603.793546519
2021-08-19,54941000,52689000,55000000,51856000,820.0,0.0424,1572000.0,53638000.0,1.0210924792124985,50300320.0,3.987982660374154,6.0375355565242765,3987982.6603741543
2021-08-20,57646000,54940000,57934000,54746000,1200.0,0.0492,1594000.0,56512000.0,1.0168665345413364,53103620.0,4.055246107665606,4.452714404399296,4055246.107665606
2021-08-21,57500000,57646000,58351000,56759000,620.0,-0.0025,796000.0,59240000.0,1.0,,4.055246107665606,4.452714404399296,4055246.107665606
2021-08-22,57684000,57500000,58072000,56665000,580.0,0.0032,703500.0,58296000.0,1.0,,4.055246107665606,4.452714404399296,4055246.107665606
2021-08-23,57725000,57665000,58705000,57398000,530.0,0.0007000000000000001,653500.0,58368500.0,0.9857752177972708,55676060.0,3.997561115005597,5.811853732058679,3997561.115005597
2021-08-24,56107000,57727000,57828000,55862000,940.0,-0.027999999999999997,983000.0,58380500.0,1.0,,3.997561115005597,5.811853732058679,3997561.115005597
2021-08-25,57154000,56107000,57339000,55145000,510.0,0.0187,1097000.0,57090000.0,0.9979210369591872,53490650.0,3.9892503331941103,6.007667407032396,3989250.33319411
2021-08-26,55200000,57154000,57441000,54510000,460.0,-0.0342,1465500.0,58251000.0,1.0,,3.9892503331941103,6.007667407032396,3989250.33319411
2021-08-27,57421000,55235000,57650000,54582000,480.0,0.04019999999999999,1534000.0,56700500.0,1.0095071189848412,52944540.0,4.027176610772104,5.11407111740829,4027176.610772104
2021-08-28,57382000,57421000,57853000,56610000,240.0,-0.0007000000000000001,621500.0,58955000.0,1.0,,4.027176610772104,5.11407111740829,4027176.610772104
2021-08-29,57186000,57382000,58000000,56366000,330.0,-0.0034000000000000002,817000.0,58003500.0,1.0,,4.027176610772104,5.11407111740829,4027176.610772104
2021-08-30,55631000,57181000,57350000,55420000,580.0,-0.027200000000000002,965000.0,57998000.0,1.0,,4.027176610772104,5.11407111740829,4027176.610772104
2021-08-31,55160000,55631000,56360000,54980000,610.0,-0.0085,690000.0,56596000.0,1.0,,4.027176610772104,5.11407111740829,4027176.610772104
2021-09-01,56480000,55164000,56981000,54467000,670.0,0.0239,1257000.0,55854000.0,1.008007791742758,52832990.0,4.059425402382472,4.354244359598363,4059425.402382472
2021-09-02,57297000,56480000,58427000,56352000,480.0,0.014499999999999999,1037500.0,57737000.0,0.9891792368844935,54661440.0,4.015499321718222,5.389204424386767,4015499.321718222
2021-09-03,57830000,57272000,59143000,56421000,620.0,0.009300000000000001,1361000.0,58309500.0,0.9885766401701267,54728370.0,3.9696288280696224,6.4699775860375865,3969628.828069622
2021-09-04,57918000,57825000,58470000,57301000,430.0,0.0015,584500.0,59186000.0,1.0,,3.9696288280696224,6.4699775860375865,3969628.828069622
2021-09-05,59280000,57918000,59567000,57217000,840.0,0.0235,1175000.0,58502500.0,1.0100900303405835,55500490.0,4.0096825033857,5.526256822125246,4009682.5033857
2021-09-06,60851000,59280000,61051000,58803000,740.0,0.0265,1124000.0,60455000.0,1.003350326689273,57038910.0,4.023116249692304,5.2097389189208885,4023116.249692304
2021-09-07,56620000,60851000,61143000,54467000,3330.0,-0.0695,3338000.0,61975000.0,1.0,,4.023116249692304,5.2097389189208885,4023116.249692304
2021-09-08,55623000,56603000,57210000,52901000,520.0,-0.0176,2154500.0,59941000.0,1.0,,4.023116249692304,5.2097389189208885,4023116.249692304
2021-09-09,55826000,55623000,56549000,54700000,570.0,0.0036,924500.0,57777500.0,1.0,,4.023116249692304,5.2097389189208885,4023116.249692304
2021-09-10,54910000,55826000,56646000,54500000,750.0,-0.016399999999999998,1073000.0,56750500.0,1.0,,4.023116249692304,5.2097389189208885,4023116.249692304
2021-09-11,54742000,54910000,55413000,54289000,240.0,-0.0031,562000.0,55983000.0,1.0,,4.023116249692304,5.2097389189208885,4023116.249692304
2021-09-12,55084000,54742000,55570000,54250000,490.0,0.0062,660000.0,55304000.0,0.9928219875596702,52622500.0,3.9942382712031197,5.890144592182986,3994238.27120312
2021-09-13,54286000,55084000,56698000,53307000,550.0,-0.014499999999999999,1695500.0,55744000.0,0.9706447187141217,51707790.0,3.8769862832291317,8.652765869452791,3876986.2832291317
2021-09-14,56557000,54286000,56822000,54044000,730.0,0.0418,1389000.0,55981500.0,1.0070801818457882,52422680.0,3.9044360511280205,8.006010840698728,3904436.0511280205
2021-09-15,57127000,56605000,57694000,55895000,880.0,0.0101,899500.0,57994000.0,1.0,,3.9044360511280205,8.006010840698728,3904436.0511280205
2021-09-16,57248000,57095000,57516000,56370000,420.0,0.0021,573000.0,57994500.0,1.0,,3.9044360511280205,8.006010840698728,3904436.0511280205
2021-09-17,57616000,57248000,57801000,56868000,420.0,0.0064,466500.0,57821000.0,1.0,,3.9044360511280205,8.006010840698728,3904436.0511280205
2021-09-18,58625000,57616000,58953000,57523000,280.0,0.0175,715000.0,58082500.0,1.0061401626996083,55797310.0,3.9284099237321626,7.441152779874619,3928409.9237321625
2021-09-19,57987000,58614000,58720000,57380000,420.0,-0.0109,670000.0,59329000.0,1.0,,3.9284099237321626,7.441152779874619,3928409.9237321625
2021-09-20,53819000,57987000,58115000,53376000,940.0,-0.0719,2369500.0,58657000.0,1.0,,3.9284099237321626,7.441152779874619,3928409.9237321625
2021-09-21,50586000,53830000,54276000,50135000,1580.0,-0.0601,2070500.0,56199500.0,1.0,,3.9284099237321626,7.441152779874619,3928409.9237321625
2021-09-22,53833000,50659000,54121000,50071000,890.0,0.0642,2025000.0,52729500.0,1.0177275642666817,48568870.0,3.9980510631209945,5.800309867329878,3998051.0631209943
2021-09-23,54363000,53828000,54600000,52633000,550.0,0.0098,983500.0,55853000.0,1.0,,3.9980510631209945,5.800309867329878,3998051.0631209943
2021-09-24,52158000,54363000,54614000,50730000,670.0,-0.0406,1942000.0,55346500.0,1.0,,3.9980510631209945,5.800309867329878,3998051.0631209943
2021-09-25,52324000,52158000,52400000,50911000,360.0,0.0032,744500.0,54100000.0,1.0,,3.9980510631209945,5.800309867329878,3998051.0631209943
2021-09-26,52789000,52324000,53543000,50594000,400.0,0.0089,1474500.0,53068500.0,0.9915332221562697,49076180.0,3.9642004529616592,6.597877716631428,3964200.452961659
2021-09-27,51693000,52773000,53740000,51602000,460.0,-0.0208,1069000.0,54247500.0,1.0,,3.9642004529616592,6.597877716631428,3964200.452961659
2021-09-28,50268000,51711000,52096000,50135000,590.0,-0.0276,980500.0,52780000.0,1.0,,3.9642004529616592,6.597877716631428,3964200.452961659
2021-09-29,50804000,50268000,51800000,49861000,450.0,0.010700000000000001,969500.0,51248500.0,0.9881265754119632,48365170.0,3.917131817831558,7.706880771925591,3917131.817831558
2021-09-30,53473000,50804000,53640000,50666000,510.0,0.0525,1487000.0,51773500.0,1.0296256733657179,49146020.0,4.033179485597096,4.972634967771402,4033179.4855970964
2021-10-01,58386000,53475000,58533000,52970000,720.0,0.0919,2781500.0,54962000.0,1.0590975874240383,51380900.0,4.271530662844008,0.0,4271530.662844009
2021-10-02,58094000,58356000,58965000,57694000,390.0,-0.005,635500.0,61137500.0,1.0,,4.271530662844008,0.0,4271530.662844009
2021-10-03,58452000,58094000,59350000,57263000,580.0,0.0062,1043500.0,58729500.0,0.992074947002784,55545110.0,4.237678555961736,0.7925052997216094,4237678.5559617365
2021-10-04,59932000,58474000,60229000,57311000,900.0,0.0253,1459000.0,59517500.0,1.0037643382198511,55591670.0,4.253630611313386,0.41905473572568275,4253630.611313386
2021-10-05,61800000,59915000,62488000,59480000,950.0,0.031200000000000002,1504000.0,61374000.0,1.0037410499560073,57695600.0,4.2695436559247115,0.046517444825595944,4269543.655924711
2021-10-06,67121000,61800000,67747000,61173000,1330.0,0.0861,3287000.0,63304000.0,1.0570963477821307,59337810.0,4.513319005374378,0.0,4513319.0053743785
2021-10-07,65474000,67121000,67271000,65230000,360.0,-0.0245,1020500.0,70408000.0,1.0,,4.513319005374378,0.0,4513319.0053743785
2021-10-08,65982000,65474000,68000000,65216000,330.0,0.0078000000000000005,1392000.0,66494500.0,0.9890925956282098,63259520.0,4.464090409923874,1.09074043717902,4464090.409923874
2021-10-09,67048000,65981000,67722000,65668000,290.0,0.016200000000000003,1027000.0,67373000.0,0.991976109123833,63697960.0,4.428271035613301,1.8843775425535736,4428271.035613301
2021-10-10,67698000,67047000,68965000,66350000,490.0,0.0097,1307500.0,68074000.0,0.9912765989952111,64359500.0,4.389641451611755,2.7402794620843363,4389641.451611755
2021-10-11,70954000,67698000,71475000,67282000,620.0,0.0481,2096500.0,69005500.0,1.0250368796690117,65263540.0,4.499544376425865,0.3051995423348287,4499544.376425865
2021-10-12,69211000,70954000,71136000,67162000,720.0,-0.0246,1987000.0,73050500.0,1.0,,4.499544376425865,0.3051995423348287,4499544.376425865
2021-10-13,69632000,69239000,70050000,66800000,210.0,0.0060999999999999995,1625000.0,71226000.0,1.0,,4.499544376425865,0.3051995423348287,4499544.376425865
